description-word,descripting,word-no,valence-mean,valence-SD,arousal-mean,arousal-SD,dominance-mean,dominance-SD,word-freq
abduction,abduct,621,2.76,2.06,5.53,2.43,3.49,2.38,1
abortion,abort,622,3.5,2.3,5.39,2.8,4.59,2.54,6
absurd,absurd,623,4.26,1.82,4.36,2.2,4.73,1.72,17
abundance,abund,624,6.59,2.01,5.51,2.63,5.8,2.16,13
abuse,abus,1,1.8,1.23,6.83,2.7,3.69,2.94,18
acceptance,accept,625,7.98,1.42,5.4,2.7,6.64,1.91,49
accident,accid,2,2.05,1.19,6.26,2.87,3.76,2.22,33
ace,ace,626,6.88,1.93,5.5,2.66,6.39,2.31,15
ache,ach,627,2.46,1.52,5,2.45,3.54,1.73,4
achievement,achiev,3,7.89,1.38,5.53,2.81,6.56,2.35,65
activate,activ,4,5.46,0.98,4.86,2.56,5.43,1.84,2
addict,addict,581,2.48,2.08,5.66,2.26,3.72,2.54,1
addicted,addict,628,2.51,1.42,4.81,2.46,3.46,2.23,3
admired,admir,5,7.74,1.84,6.11,2.36,7.53,1.94,17
adorable,ador,6,7.81,1.24,5.12,2.71,5.74,2.48,3
adult,adult,546,6.49,1.5,4.76,1.95,5.75,2.21,25
advantage,advantag,629,6.95,1.85,4.76,2.18,6.36,2.23,73
adventure,adventur,630,7.6,1.5,6.98,2.15,6.46,1.67,14
affection,affect,7,8.39,0.86,6.21,2.75,6.08,2.22,18
afraid,afraid,8,2,1.28,6.67,2.54,3.98,2.63,57
aggressive,aggress,9,5.1,1.68,5.83,2.33,5.59,2.4,17
agility,agil,22,6.46,1.57,4.85,1.8,5.87,1.52,3
agony,agoni,10,2.43,2.17,6.06,2.67,4.02,2.49,9
agreement,agreement,631,7.08,1.59,5.02,2.24,6.22,1.85,106
air,air,632,6.34,1.56,4.12,2.3,5.1,1.56,257
alcoholic,alcohol,582,2.84,2.34,5.69,2.36,4.45,2.56,3
alert,alert,11,6.2,1.76,6.85,2.53,5.96,2.24,33
alien,alien,633,5.6,1.82,5.45,2.15,4.64,2.07,16
alimony,alimoni,634,3.95,2,4.3,2.29,4.63,2.3,2
alive,aliv,635,7.25,2.22,5.5,2.74,6.39,2.15,57
allergy,allergi,636,3.07,1.64,4.64,2.34,3.21,1.77,1
alley,alley,637,4.48,1.97,4.91,2.42,4,1.7,8
alone,alon,12,2.41,1.77,4.83,2.66,3.7,2.42,195
aloof,aloof,13,4.9,1.92,4.28,2.1,4.69,1.92,5
ambition,ambit,14,7.04,1.98,5.61,2.92,6.93,2.07,19
ambulance,ambul,15,2.47,1.5,7.33,1.96,3.22,2.29,6
angel,angel,16,7.53,1.58,4.83,2.63,4.97,2.34,18
anger,anger,17,2.34,1.32,7.63,1.91,5.5,2.82,48
angry,angri,18,2.85,1.7,7.17,2.07,5.55,2.74,45
anguished,anguish,19,2.12,1.56,5.33,2.69,3.45,2.37,2
ankle,ankl,638,5.27,1.54,4.16,2.03,4.77,1.74,8
annoy,annoy,20,2.74,1.81,6.49,2.17,5.09,2.04,2
answer,answer,639,6.63,1.68,5.41,2.43,5.85,1.88,152
anxious,anxious,21,4.81,1.98,6.92,1.81,5.33,1.82,29
applause,applaus,640,7.5,1.5,5.8,2.79,6.48,2.11,14
appliance,applianc,641,5.1,1.21,4.05,2.06,5.05,1.34,5
arm,arm,642,5.34,1.82,3.59,2.4,5.07,1.5,94
army,armi,23,4.72,1.75,5.03,2.03,5.03,2.45,132
aroused,arous,24,7.97,1,6.63,2.7,6.14,1.97,20
arrogant,arrog,25,3.69,2.4,5.65,2.23,5.14,2.71,2
art,art,643,6.68,2.1,4.86,2.88,5.3,2.33,208
assassin,assassin,26,3.09,2.09,6.28,2.53,4.33,2.68,6
assault,assault,27,2.03,1.55,7.51,2.28,3.94,3.1,15
astonished,astonish,28,6.56,1.61,6.58,2.22,5.16,1.79,6
astronaut,astronaut,501,6.66,1.6,5.28,2.11,5.2,1.95,2
athletics,athlet,644,6.61,2.08,6.1,2.29,6.12,2.12,9
autumn,autumn,29,6.3,2.14,4.51,2.5,5.15,1.85,22
avalanche,avalanch,645,3.29,1.95,5.54,2.37,3.61,2,1
avenue,avenu,646,5.5,1.37,4.12,2.01,5.4,1.53,46
awed,awe,30,6.7,1.38,5.74,2.31,5.3,2.03,5
baby,babi,31,8.22,1.2,5.53,2.8,5,2.8,62
bake,bake,647,6.17,1.71,5.1,2.3,5.49,1.88,12
bandage,bandag,648,4.54,1.75,3.9,2.07,4.52,1.89,4
bankrupt,bankrupt,32,2,1.31,6.21,2.79,3.27,2.39,5
banner,banner,649,5.4,0.83,3.83,1.95,4.8,1.57,8
bar,bar,650,6.42,2.05,5,2.83,5.47,1.94,82
barrel,barrel,651,5.05,1.46,3.36,2.28,4.89,1.57,24
basket,basket,547,5.45,1.15,3.63,2.02,5.76,1.45,17
bastard,bastard,33,3.36,2.16,6.07,2.15,4.17,2.4,12
bath,bath,502,7.33,1.45,4.16,2.31,6.41,1.87,26
bathroom,bathroom,548,5.55,1.36,3.88,1.72,5.65,1.59,18
bathtub,bathtub,652,6.69,1.57,4.36,2.59,5.76,1.76,4
beach,beach,34,8.03,1.59,5.53,3.07,5.44,2.52,61
beast,beast,653,4.23,2.41,5.57,2.61,4.89,2.29,7
beautiful,beauti,654,7.6,1.64,6.17,2.34,6.29,1.81,127
beauty,beauti,35,7.82,1.16,4.95,2.57,5.53,2.1,71
bed,bed,549,7.51,1.38,3.61,2.56,6.88,1.78,127
bees,bee,583,3.2,2.07,6.51,2.14,4.16,2.11,15
beggar,beggar,36,3.22,2.02,4.91,2.45,4.09,2.38,2
bench,bench,655,4.61,1.4,3.59,2.07,4.68,1.38,35
bereavement,bereav,656,4.57,1.7,4.2,2.15,4.33,1.73,4
betray,betray,37,1.68,1.02,7.24,2.06,4.92,2.97,4
beverage,beverag,657,6.83,1.48,5.21,2.46,5.63,2.17,5
bird,bird,38,7.27,1.36,3.17,2.23,4.42,2.26,31
birthday,birthday,39,7.84,1.92,6.68,2.11,5.89,2.61,18
black,black,543,5.39,1.8,4.61,2.24,5.14,1.79,203
blackmail,blackmail,40,2.95,1.95,6.03,2.7,3.54,2.67,2
bland,bland,658,4.1,1.08,3.29,1.89,4.88,1.27,3
blase,blase,41,4.89,1.16,3.94,1.76,4.57,1.44,7
blasphemy,blasphemi,659,3.75,2.26,4.93,2.34,4.75,1.59,4
bless,bless,42,7.19,1.69,4.05,2.59,5.52,2.22,9
blind,blind,43,3.05,1.99,4.39,2.36,3.28,1.91,47
bliss,bliss,660,6.95,2.24,4.41,2.95,6.12,2.15,4
blister,blister,661,2.88,1.75,4.1,2.34,3.98,1.9,3
blond,blond,662,6.43,2.04,5.07,2.7,5.74,1.67,11
bloody,bloodi,584,2.9,1.98,6.41,2,3.96,1.89,8
blossom,blossom,44,7.26,1.18,5.03,2.65,5.53,2.21,7
blubber,blubber,663,3.52,1.99,4.57,2.38,3.86,1.97,1
blue,blue,544,6.76,1.78,4.31,2.2,5.63,1.64,143
board,board,664,4.82,1.23,3.36,2.12,4.98,1.77,239
body,bodi,665,5.55,2.37,5.52,2.63,5.34,2.12,276
bold,bold,45,6.8,1.61,5.6,2.21,6.67,1.81,21
bomb,bomb,46,2.1,1.19,7.15,2.4,4.54,2.88,36
book,book,47,5.72,1.54,4.17,2.49,5.3,2.05,193
bored,bore,48,2.95,1.35,2.83,2.31,4.11,1.7,14
bottle,bottl,666,6.15,1.49,4.79,2.44,4.78,1.65,76
bouquet,bouquet,667,7.02,1.84,5.46,2.47,6.15,1.8,4
bowl,bowl,49,5.33,1.33,3.47,2.12,4.69,1.67,23
boxer,boxer,585,5.51,1.8,5.12,2.26,5.1,1.64,1
boy,boy,50,6.32,1.6,4.58,2.37,5.34,2.2,242
brave,brave,668,7.15,1.64,6.15,2.45,7.22,1.86,24
breast,breast,51,6.5,1.78,5.37,2.39,5.39,2.27,11
breeze,breez,669,6.85,1.71,4.37,2.32,5.54,1.67,14
bride,bride,670,7.34,1.71,5.55,2.74,5.74,2.36,33
bright,bright,671,7.5,1.55,5.4,2.33,6.34,1.82,87
broken,broken,672,3.05,1.92,5.43,2.42,4.14,1.62,63
brother,brother,52,7.11,2.17,4.71,2.68,5.12,2.31,73
brutal,brutal,53,2.8,1.9,6.6,2.36,4.59,2.7,7
building,build,550,5.29,1.15,3.92,1.94,5.25,1.57,160
bullet,bullet,673,3.29,2.06,5.33,2.48,3.9,2.61,28
bunny,bunni,54,7.24,1.32,4.06,2.61,4.97,2.18,1
burdened,burden,55,2.5,1.32,5.63,2.07,5.03,2.35,4
burial,burial,56,2.05,1.41,5.08,2.4,3.55,1.95,11
burn,burn,586,2.73,1.72,6.22,1.91,4.22,1.83,15
bus,bus,541,4.51,1.57,3.55,1.8,4.84,1.75,34
busybody,busybodi,674,5.17,2.02,4.84,2.41,5.45,1.97,0
butter,butter,57,5.33,1.2,3.17,1.84,4.67,1.69,27
butterfly,butterfli,58,7.17,1.2,3.47,2.39,4.65,2.27,2
cabinet,cabinet,675,5.05,0.31,3.43,1.85,4.73,1.66,17
cake,cake,59,7.26,1.27,5,2.37,5.16,2.05,9
cancer,cancer,60,1.5,0.85,6.42,2.83,3.42,2.99,25
candy,candi,61,6.54,2.09,4.58,2.4,5.33,1.91,16
cane,cane,677,4,1.8,4.2,1.93,4.27,1.95,12
cannon,cannon,678,4.9,2.2,4.71,2.84,5.17,2.29,7
capable,capabl,62,7.16,1.39,5.08,2.07,6.47,1.94,66
car,car,551,7.73,1.63,6.24,2.04,6.98,2.06,274
carcass,carcass,679,3.34,1.92,4.83,2.07,4.9,1.79,7
carefree,carefre,63,7.54,1.38,4.17,2.84,5.78,2.5,9
caress,caress,64,7.84,1.16,5.14,3,5.83,2.13,1
cash,cash,503,8.37,1,7.37,2.21,6.96,2.39,36
casino,casino,680,6.81,1.66,6.51,2.12,5.12,2.15,2
cat,cat,504,5.72,2.43,4.38,2.24,6.16,2.05,0
cell,cell,587,3.82,1.7,4.08,2.19,4.12,2.13,65
cellar,cellar,681,4.32,1.68,4.39,2.33,4.66,1.61,26
cemetery,cemeteri,65,2.63,1.4,4.82,2.66,4.27,2.14,15
chair,chair,66,5.08,0.98,3.15,1.77,4.56,1.6,66
champ,champ,682,7.18,1.97,6,2.43,6.77,2,1
champion,champion,67,8.44,0.9,5.85,3.15,6.5,2.85,23
chance,chanc,683,6.02,1.77,5.38,2.58,4.64,1.93,131
chaos,chao,684,4.17,2.36,6.67,2.06,3.86,1.95,17
charm,charm,68,6.77,1.58,5.16,2.25,5.57,2.25,26
cheer,cheer,69,8.1,1.17,6.12,2.45,6,2.06,8
child,child,70,7.08,1.98,5.55,2.29,5.1,2.3,213
chin,chin,685,5.29,1.27,3.31,1.98,5.26,1.48,27
chocolate,chocol,505,6.88,1.89,5.29,2.55,5.18,1.97,9
christmas,christma,686,7.8,1.55,6.27,2.56,5.37,2.09,27
church,church,71,6.28,2.31,4.34,2.45,5,2.42,348
circle,circl,687,5.67,1.26,3.86,2.13,5.03,1.46,60
circus,circus,72,7.3,1.84,5.97,2.59,5.39,2.25,7
city,citi,73,6.03,1.37,5.24,2.53,5.74,2.08,393
cliff,cliff,553,4.67,2.08,6.25,2.15,4.35,2.11,11
clock,clock,688,5.14,1.54,4.02,2.54,4.67,1.97,20
clothing,cloth,74,6.54,1.85,4.78,2.88,5.33,2.14,20
clouds,cloud,533,6.18,2.18,3.3,2.08,5.22,1.66,38
clumsy,clumsi,689,4,2.22,5.18,2.4,3.86,1.79,6
coarse,coars,690,4.55,1.42,4.21,1.84,5,1.43,10
coast,coast,691,5.98,1.86,4.59,2.31,5.67,1.71,61
cockroach,cockroach,75,2.81,2.11,6.11,2.78,4.74,2.58,2
coffin,coffin,76,2.56,1.96,5.03,2.79,4.08,2.54,7
coin,coin,692,6.02,1.96,4.29,2.48,5.66,1.68,10
cold,cold,693,4.02,1.99,5.19,2.23,4.69,1.73,171
color,color,694,7.02,1.57,4.73,2.64,6.17,1.82,141
column,column,695,5.17,0.85,3.62,1.91,4.81,1.58,71
comedy,comedi,77,8.37,0.94,5.85,2.81,5.44,2.08,39
comfort,comfort,696,7.07,2.14,3.93,2.85,5.7,2.05,43
computer,comput,552,6.24,1.61,4.75,1.93,5.29,1.99,13
concentrate,concentr,78,5.2,1.28,4.65,2.13,4.97,1.75,11
confident,confid,79,7.98,1.29,6.22,2.41,7.68,1.94,16
confused,confus,80,3.21,1.51,6.03,1.88,4.24,1.91,44
consoled,consol,81,5.78,1.64,4.53,2.22,4.44,1.84,2
contempt,contempt,82,3.85,2.13,5.28,2.04,5.13,1.73,15
contents,content,83,4.89,0.89,4.32,2.14,4.85,1.49,16
context,context,84,5.2,1.38,4.22,2.24,5.17,1.39,2
controlling,control,85,3.8,2.25,6.1,2.19,5.17,3.15,23
cook,cook,697,6.16,1.89,4.44,1.96,5.14,1.49,47
cord,cord,698,5.1,1.09,3.54,2.09,5,1.22,6
cork,cork,699,5.22,1.13,3.8,2.18,4.98,1.04,9
corner,corner,700,4.36,1.21,3.91,1.92,4.12,1.66,115
corpse,corps,86,2.18,1.48,4.74,2.94,3.59,2.44,7
corridor,corridor,701,4.88,1.14,3.63,2.41,5,1.48,17
corrupt,corrupt,702,3.32,2.32,4.67,2.35,4.64,2.3,8
cottage,cottag,87,6.45,1.52,3.39,2.54,5.39,1.78,19
couple,coupl,506,7.41,1.97,6.39,2.31,6.02,2.28,122
cow,cow,554,5.57,1.53,3.49,2.13,5.32,1.61,29
coward,coward,703,2.74,1.64,4.07,2.19,2.83,1.61,8
cozy,cozi,88,7.39,1.53,3.32,2.28,4.89,2.28,1
crash,crash,89,2.31,1.44,6.95,2.44,3.44,2.21,20
crime,crime,704,2.89,2.06,5.41,2.69,4.12,2.24,34
criminal,crimin,705,2.93,1.66,4.79,2.51,3.34,1.73,24
crisis,crisi,706,2.74,2.23,5.44,3.07,3.6,2.47,82
crown,crown,90,6.58,1.42,4.28,2.53,6.06,2.15,19
crucify,crucifi,91,2.23,1.72,6.47,2.47,3.74,2.48,2
crude,crude,707,3.12,1.65,5.07,2.37,4.27,1.94,15
cruel,cruel,92,1.97,1.67,5.68,2.65,4.24,2.84,15
crushed,crush,93,2.21,1.74,5.52,2.87,3.36,2.69,10
crutch,crutch,708,3.43,1.62,4.14,2.05,3.91,1.79,1
cuddle,cuddl,94,7.72,1.92,4.4,2.67,5.85,2.42,0
cuisine,cuisin,709,6.64,1.48,4.39,1.99,5.41,1.19,1
curious,curious,95,6.08,1.63,5.82,1.64,5.42,1.6,46
curtains,curtain,710,4.83,0.83,3.67,1.83,5.05,1.56,8
custom,custom,96,5.85,1.53,4.66,2.12,5,1.87,14
cut,cut,711,3.64,2.08,5,2.32,4.7,1.98,192
cute,cute,97,7.62,1.01,5.53,2.71,4.86,2.32,5
cyclone,cyclon,98,3.6,2.38,6.36,2.89,4.89,2.56,0
dagger,dagger,99,3.38,1.77,6.14,2.64,4.52,2.27,1
damage,damag,712,3.05,1.65,5.57,2.26,3.88,1.86,33
dancer,dancer,507,7.14,1.56,6,2.2,6.02,1.93,31
danger,danger,713,2.95,2.22,7.32,2.07,3.59,2.31,70
dark,dark,714,4.71,2.36,4.28,2.21,4.84,2.15,185
dawn,dawn,715,6.16,2.33,4.39,2.81,5.16,2.23,28
daylight,daylight,716,6.8,2.17,4.77,2.5,5.48,2.14,15
dazzle,dazzl,717,7.29,1.09,6.33,2.02,5.62,1.81,1
dead,dead,588,1.94,1.76,5.73,2.73,2.84,2.32,174
death,death,100,1.61,1.4,4.59,3.07,3.47,2.5,277
debt,debt,101,2.22,1.17,5.68,2.74,3.02,2.16,13
deceit,deceit,718,2.9,1.63,5.68,2.46,3.95,2.12,2
decompose,decompos,102,3.2,1.81,4.65,2.39,4.02,1.91,1
decorate,decor,719,6.93,1.3,5.14,2.39,6.05,1.86,2
defeated,defeat,103,2.34,1.66,5.09,3,3.11,2.34,15
defiant,defiant,104,4.26,2.12,6.1,2.51,5.77,2.4,3
deformed,deform,720,2.41,1.66,4.07,2.34,3.95,2.18,0
delayed,delay,721,3.07,1.74,5.62,2.39,3.64,1.94,25
delight,delight,105,8.26,1.04,5.44,2.88,5.79,2.24,29
demon,demon,106,2.11,1.56,6.76,2.68,4.89,2.89,9
dentist,dentist,589,4.02,2.23,5.73,2.13,3.8,2.16,12
depressed,depress,107,1.83,1.42,4.72,2.95,2.74,2.13,11
depression,depress,108,1.85,1.67,4.54,3.19,2.91,2.27,24
derelict,derelict,722,4.28,1.84,4.1,1.94,4.78,1.56,1
deserter,desert,109,2.45,1.8,5.5,2.55,3.77,2.29,0
desire,desir,508,7.69,1.39,7.35,1.76,6.49,1.83,79
despairing,despair,110,2.43,1.47,5.68,2.37,3.43,2.11,4
despise,despis,111,2.03,1.38,6.28,2.43,4.72,2.8,7
destroy,destroy,112,2.64,2.03,6.83,2.38,4.94,2.86,48
destruction,destruct,723,3.16,2.44,5.82,2.71,3.93,2.29,38
detached,detach,113,3.86,1.88,4.26,2.57,3.63,2.15,12
detail,detail,724,5.55,1.58,4.1,2.24,5.21,1.6,72
detest,detest,114,2.17,1.3,6.06,2.39,5.83,2.6,1
devil,devil,115,2.21,1.99,6.07,2.61,5.35,2.75,25
devoted,devot,116,7.41,1.37,5.23,2.21,6.18,2.36,51
diamond,diamond,117,7.92,1.2,5.53,2.96,5.54,2.28,8
dignified,dignifi,118,7.1,1.26,4.12,2.29,6.12,2.4,7
dinner,dinner,509,7.16,1.5,5.43,2.14,6.1,1.87,91
diploma,diploma,119,8,1.39,5.67,2.8,6.76,2.5,0
dirt,dirt,725,4.17,1.77,3.76,2.26,4.83,1.82,43
dirty,dirti,590,3.08,2.05,4.88,2.29,4.7,2.12,36
disappoint,disappoint,120,2.39,1.44,4.92,2.64,3.29,2.32,0
disaster,disast,121,1.73,1.13,6.33,2.7,3.52,2.42,26
discomfort,discomfort,726,2.19,1.23,4.17,2.44,3.86,2.26,7
discouraged,discourag,122,3,2.16,4.53,2.11,3.61,2.01,15
disdainful,disdain,123,3.68,1.9,5.04,2.14,4.55,1.92,2
disgusted,disgust,124,2.45,1.41,5.42,2.59,4.34,1.94,6
disloyal,disloy,125,1.93,1.61,6.56,2.21,3.79,2.75,2
displeased,displeas,126,2.79,2.23,5.64,2.48,4.19,2.19,7
distressed,distress,127,1.94,1.1,6.4,2.38,3.76,2.41,4
disturb,disturb,727,3.66,2,5.8,2.39,4.55,1.9,10
diver,diver,510,6.45,1.55,5.04,2.1,5.04,1.91,1
divorce,divorc,128,2.22,1.88,6.33,2.71,3.26,2.24,29
doctor,doctor,129,5.2,2.54,5.86,2.7,4.89,2.75,100
dog,dog,511,7.57,1.66,5.76,2.5,6.25,2.1,75
doll,doll,728,6.09,1.96,4.24,2.43,4.61,2.07,10
dollar,dollar,729,7.47,1.72,6.07,2.67,6.33,2.42,46
door,door,130,5.13,1.44,3.8,2.29,4.69,1.72,312
dove,dove,730,6.9,1.54,3.79,2.28,5.48,1.7,4
dreadful,dread,131,2.26,1.91,5.84,2.62,4.1,2.36,10
dream,dream,132,6.73,1.75,4.53,2.72,5.53,1.98,64
dreary,dreari,731,3.05,1.58,2.98,2.18,3.81,1.64,6
dress,dress,133,6.41,1.34,4.05,1.89,5,1.89,67
drown,drown,591,1.92,1.48,6.57,2.33,2.86,1.99,3
dummy,dummi,732,3.38,1.7,4.35,2.25,3.67,2.02,3
dump,dump,733,3.21,1.87,4.12,2.36,3.83,1.87,4
dustpan,dustpan,555,3.98,1.68,3.43,2,5.45,1.81,0
earth,earth,134,7.15,1.67,4.24,2.49,5.61,2.3,150
easy,easi,734,7.1,1.91,4.48,2.82,7,1.63,125
easygoing,easygo,135,7.2,1.5,4.3,2.52,5.25,1.75,1
eat,eat,136,7.47,1.73,5.69,2.51,5.6,2.12,61
ecstasy,ecstasi,735,7.98,1.52,7.38,1.92,6.68,2.08,6
education,educ,137,6.69,1.77,5.74,2.46,6.15,2.35,214
egg,egg,736,5.29,1.82,3.76,2.39,4.49,2.16,12
elated,elat,138,7.45,1.77,6.21,2.3,5.53,2.35,3
elbow,elbow,737,5.12,0.92,3.81,2.14,4.88,1.52,10
elegant,eleg,139,7.43,1.26,4.53,2.65,5.95,2.09,14
elevator,elev,738,5.44,1.18,4.16,1.99,4.32,1.69,12
embarrassed,embarrass,140,3.03,1.85,5.87,2.55,2.87,1.99,8
embattled,embattl,141,4.39,1.63,5.36,2.37,4.81,1.79,1
employment,employ,147,6.47,1.81,5.28,2.12,5.73,2.08,47
engaged,engag,143,8,1.38,6.77,2.07,6.49,2.22,47
engine,engin,148,5.2,1.18,3.98,2.33,5,1.77,50
enjoyment,enjoy,145,7.8,1.2,5.2,2.72,6.46,1.77,21
ennui,ennui,146,5.09,1.76,4.4,2.33,4.67,1.8,0
enraged,enrag,149,2.46,1.65,7.97,2.17,6.33,2.92,1
erotic,erot,512,7.43,1.53,7.24,1.97,6.39,2.16,8
errand,errand,150,4.58,1.74,3.85,1.92,4.78,1.51,7
event,event,740,6.21,1.63,5.1,2.4,5.52,1.57,81
evil,evil,741,3.23,2.64,6.39,2.44,5.25,2.6,72
excellence,excel,151,8.38,0.96,5.54,2.67,7.28,2.32,15
excitement,excit,152,7.5,2.2,7.67,1.91,6.18,2.17,32
excuse,excus,153,4.05,1.41,4.48,2.29,4.07,2.1,27
execution,execut,154,2.37,2.06,5.71,2.74,4.11,2.66,15
exercise,exercis,155,7.13,1.58,6.84,2.06,5.68,2.44,58
fabric,fabric,742,5.3,1.2,4.14,1.98,5.03,1.61,15
face,face,556,6.39,1.6,5.04,2.18,5.67,1.58,371
failure,failur,156,1.7,1.07,4.95,2.81,2.4,2.18,89
fall,fall,743,4.09,2.21,4.7,2.48,4,2.15,147
FALSE,fals,744,3.27,1.4,3.43,2.09,4.1,1.56,29
fame,fame,157,7.93,1.29,6.55,2.46,6.85,2.14,18
family,famili,158,7.65,1.55,4.8,2.71,6,1.87,331
famous,famous,745,6.98,2.07,5.73,2.68,6.32,2.18,89
fantasy,fantasi,746,7.41,1.9,5.14,2.82,6.43,2.05,14
farm,farm,557,5.53,1.85,3.9,1.95,5.59,1.81,125
fascinate,fascin,159,7.34,1.68,5.83,2.73,6.15,1.89,3
fat,fat,160,2.28,1.92,4.81,2.8,4.47,3.06,60
father,father,161,7.08,2.2,5.92,2.6,5.63,2.89,383
fatigued,fatigu,162,3.28,1.43,2.64,2.19,3.78,1.97,3
fault,fault,747,3.43,1.38,4.07,1.69,4.02,1.66,22
favor,favor,748,6.46,1.52,4.54,1.86,5.67,1.76,78
fear,fear,592,2.76,2.12,6.96,2.17,3.22,2.2,127
fearful,fear,163,2.25,1.18,6.33,2.28,3.64,2.18,13
feeble,feebl,164,3.26,1.47,4.1,2.07,2.71,1.64,8
festive,festiv,749,7.3,2.26,6.58,2.29,5.77,2.34,2
fever,fever,750,2.76,1.64,4.29,2.31,3.52,2.15,19
field,field,558,6.2,1.37,4.08,2.41,5.84,1.94,274
fight,fight,751,3.76,2.63,7.15,2.19,5.27,2.69,98
filth,filth,165,2.47,1.68,5.12,2.32,3.81,2.06,2
finger,finger,752,5.29,1.42,3.78,2.42,5.05,1.7,40
fire,fire,166,3.22,2.06,7.17,2.06,4.49,2.49,187
fireworks,firework,513,7.55,1.5,6.67,2.12,5.51,1.98,5
fish,fish,559,6.04,1.94,4,2.19,6.02,1.68,35
flabby,flabbi,167,2.66,1.87,4.82,2.81,3.31,1.9,0
flag,flag,753,6.02,1.66,4.6,2.35,5.5,1.66,16
flirt,flirt,754,7.52,1.19,6.91,1.69,6.24,2.33,1
flood,flood,755,3.19,1.66,6,2.02,3.24,2.14,19
flower,flower,168,6.64,1.78,4,2.44,4.98,2.17,23
foam,foam,756,6.07,2.03,5.26,2.54,5.24,1.97,37
food,food,514,7.65,1.37,5.92,2.11,6.18,2.48,147
foot,foot,757,5.02,0.93,3.27,1.98,4.98,1.42,70
fork,fork,560,5.29,0.97,3.96,1.94,5.74,1.52,14
foul,foul,169,2.81,1.52,4.93,2.23,4.51,1.89,4
fragrance,fragranc,170,6.07,1.97,4.79,2.54,5.14,1.91,6
fraud,fraud,171,2.67,1.66,5.75,2.45,3.58,2.5,8
free,free,172,8.26,1.31,5.15,3.04,6.35,2.4,260
freedom,freedom,173,7.58,2.04,5.52,2.72,6.76,2.29,128
friend,friend,174,7.74,1.24,5.74,2.57,6.74,1.89,133
friendly,friend,175,8.43,1.08,5.11,2.96,5.92,2.42,61
frigid,frigid,758,3.5,1.85,4.75,2.56,4.27,1.98,5
frog,frog,176,5.71,1.74,4.54,2.03,5.34,1.96,1
frustrated,frustrat,177,2.48,1.64,5.61,2.76,3.5,2.12,10
fun,fun,759,8.37,1.11,7.22,2.01,6.8,1.85,44
funeral,funer,178,1.39,0.87,4.94,3.21,2.97,2.55,33
fungus,fungus,179,3.06,1.75,4.68,2.33,4.06,1.94,2
fur,fur,180,4.51,1.88,4.18,2.44,4.32,1.97,13
game,game,760,6.98,1.97,5.89,2.37,5.7,1.65,123
gangrene,gangren,181,2.28,1.91,5.7,2.96,3.36,2.34,0
garbage,garbag,182,2.98,1.96,5.04,2.5,4.24,2.02,7
garden,garden,761,6.71,1.74,4.39,2.35,6.02,1.71,60
garment,garment,762,6.07,1.61,4.49,2.5,5.3,1.96,6
garter,garter,534,6.22,1.59,5.47,2.15,5.82,1.62,2
gender,gender,763,5.73,1.55,4.38,2.13,5.6,1.84,2
gentle,gentl,183,7.31,1.3,3.21,2.57,5.1,2.16,27
germs,germ,764,2.86,1.39,4.49,2.24,3.79,1.59,1
gift,gift,184,7.77,2.24,6.14,2.76,5.52,2.54,33
girl,girl,185,6.87,1.64,4.29,2.69,5.8,2.16,220
glacier,glacier,186,5.5,1.25,4.24,2.29,4.92,2.12,1
glamour,glamour,187,6.76,1.6,4.68,2.23,5.76,2.49,5
glass,glass,765,4.75,1.38,4.27,2.07,5,1.46,99
gloom,gloom,188,1.88,1.23,3.83,2.33,3.55,2.07,14
glory,glori,189,7.55,1.68,6.02,2.71,6.85,2.23,21
god,god,190,8.15,1.27,5.95,2.84,5.88,2.89,318
gold,gold,191,7.54,1.63,5.76,2.79,5.85,2.46,52
golfer,golfer,535,5.61,1.93,3.73,2.26,5.55,1.79,3
good,good,766,7.47,1.45,5.43,2.85,6.41,2.05,807
gossip,gossip,767,3.48,2.33,5.74,2.38,3.57,2.26,13
graduate,graduat,192,8.19,1.13,7.25,2.25,6.94,2.44,30
grass,grass,768,6.12,1.44,4.14,2.11,5.44,1.36,53
grateful,grate,193,7.37,0.97,4.58,2.14,6.18,1.77,25
greed,greed,769,3.51,1.93,4.71,2.26,4.88,2.03,3
green,green,194,6.18,2.05,4.28,2.46,4.82,2.05,116
greet,greet,770,7,1.52,5.27,2.31,5.95,2.07,7
grenade,grenad,771,3.6,1.88,5.7,2.52,4.29,2.5,3
grief,grief,195,1.69,1.04,4.78,2.84,3.5,2.35,10
grime,grime,772,3.37,1.34,3.98,2.29,4.47,1.28,0
gripe,gripe,774,3.14,1.56,5,2.19,4.67,1.79,0
guillotine,guillotin,196,2.48,2.11,6.56,2.54,4.64,2.63,0
guilty,guilti,197,2.63,1.98,6.04,2.76,3.09,2.22,29
gun,gun,593,3.47,2.48,7.02,1.84,3.53,2.72,118
gymnast,gymnast,515,6.35,1.79,5.02,2.2,5.31,1.79,1
habit,habit,775,4.11,1.77,3.95,2.11,4.3,1.79,23
hairdryer,hairdryer,561,4.84,0.84,3.71,1.75,5.57,1.27,0
hairpin,hairpin,776,5.26,1.45,3.27,2.41,5.05,1.32,1
hamburger,hamburg,777,6.27,1.5,4.55,2.14,5.32,1.21,6
hammer,hammer,198,4.88,1.16,4.58,2.02,4.75,1.88,9
hand,hand,778,5.95,1.38,4.4,2.07,5.35,1.49,431
handicap,handicap,779,3.29,1.69,3.81,2.27,4,2.24,6
handsome,handsom,199,7.93,1.47,5.95,2.73,5.19,2.22,40
haphazard,haphazard,780,4.02,1.41,4.07,2.18,4.29,1.67,2
happy,happi,200,8.21,1.82,6.49,2.77,6.63,2.43,98
hard,hard,781,5.22,1.82,5.12,2.19,5.59,1.63,202
hardship,hardship,782,2.45,1.61,4.76,2.55,4.22,2.4,9
hat,hat,783,5.46,1.36,4.1,2,5.39,1.43,56
hate,hate,201,2.12,1.72,6.95,2.56,5.05,2.95,42
hatred,hatr,202,1.98,1.92,6.66,2.56,4.3,2.76,20
hawk,hawk,536,5.88,1.62,4.39,2.29,5.5,1.69,14
hay,hay,784,5.24,1.24,3.95,2.58,5.37,1.64,19
headache,headach,203,2.02,1.06,5.07,2.74,3.6,1.98,5
headlight,headlight,785,5.24,1.51,3.81,2.22,4.88,1.47,0
heal,heal,786,7.09,1.46,4.77,2.23,5.79,1.8,2
health,health,204,6.81,1.88,5.13,2.35,5.83,1.91,105
heart,heart,787,7.39,1.53,6.34,2.25,5.49,2.11,173
heaven,heaven,205,7.3,2.39,5.61,3.2,6.15,2.56,43
hell,hell,788,2.24,1.62,5.38,2.62,3.24,2.36,95
helpless,helpless,206,2.2,1.42,5.34,2.52,2.27,1.83,21
heroin,heroin,789,4.36,2.73,5.11,2.72,4.8,2.54,2
hide,hide,207,4.32,1.91,5.28,2.51,3.4,2.12,22
highway,highway,562,5.92,1.72,5.16,2.44,5.66,1.81,40
hinder,hinder,790,3.81,1.42,4.12,2.01,4.21,1.54,0
history,histori,208,5.24,2.01,3.93,2.29,4.83,2.08,286
hit,hit,594,4.33,2.35,5.73,2.09,4.88,2.01,115
holiday,holiday,791,7.55,2.14,6.59,2.73,6.3,2.17,17
home,home,209,7.91,1.63,4.21,2.94,5.9,2.3,547
honest,honest,210,7.7,1.43,5.32,1.92,6.24,2.13,47
honey,honey,792,6.73,1.7,4.51,2.25,5.44,1.47,25
honor,honor,211,7.66,1.24,5.9,1.83,6.7,2.04,66
hooker,hooker,793,3.34,2.31,4.93,2.82,4.73,2.48,0
hope,hope,794,7.05,1.96,5.44,2.47,5.52,2.2,178
hopeful,hope,212,7.1,1.46,5.78,2.09,5.41,1.92,12
horror,horror,213,2.76,2.25,7.21,2.14,4.63,2.7,17
horse,hors,214,5.89,1.55,3.89,2.17,4.67,1.6,117
hospital,hospit,215,5.04,2.45,5.98,2.54,4.69,2.16,110
hostage,hostag,216,2.2,1.8,6.76,2.63,2.83,2.32,2
hostile,hostil,217,2.73,1.5,6.44,2.28,4.85,2.58,19
hotel,hotel,795,6,1.77,4.8,2.53,5.12,1.84,126
house,hous,563,7.26,1.72,4.56,2.41,6.08,2.12,591
hug,hug,218,8,1.55,5.35,2.76,5.79,2.41,3
humane,human,796,6.89,1.7,4.5,1.91,5.7,1.91,5
humble,humbl,219,5.86,1.42,3.74,2.33,4.76,2.25,18
humiliate,humili,797,2.24,1.34,6.14,2.42,2.6,1.94,0
humor,humor,220,8.56,0.81,5.5,2.91,6.08,2.14,47
hungry,hungri,221,3.58,2.01,5.13,2.44,4.68,2.05,23
hurricane,hurrican,798,3.34,2.12,6.83,2.06,3.07,2.18,8
hurt,hurt,222,1.9,1.26,5.85,2.49,3.33,2.22,37
hydrant,hydrant,564,5.02,0.93,3.71,1.75,5.53,1.3,0
icebox,icebox,799,4.95,1,4.17,2.11,5.05,1.05,3
idea,idea,800,7,1.34,5.86,1.81,6.26,2,195
identity,ident,801,6.57,1.99,4.95,2.24,6.4,1.89,55
idiot,idiot,223,3.16,1.91,4.21,2.47,3.18,2.13,2
idol,idol,802,6.12,1.86,4.95,2.14,5.37,2.17,7
ignorance,ignor,803,3.07,2.25,4.39,2.49,4.41,2.38,16
illness,ill,804,2.48,1.4,4.71,2.24,3.21,1.85,20
imagine,imagin,805,7.32,1.52,5.98,2.14,7.07,1.99,61
immature,immatur,806,3.39,1.7,4.15,1.96,4.85,2.2,7
immoral,immor,807,3.5,2.16,4.98,2.48,4.66,2.33,5
impair,impair,808,3.18,1.86,4.04,2.14,4.09,2.18,4
impotent,impot,224,2.81,1.92,4.57,2.59,3.43,2.43,2
impressed,impress,225,7.33,1.84,5.42,2.65,5.51,2.21,30
improve,improv,226,7.65,1.16,5.69,2.15,6.08,2.25,39
incentive,incent,809,7,1.72,5.69,2.45,5.93,2.02,12
indifferent,indiffer,810,4.61,1.28,3.18,1.85,4.84,1.67,11
industry,industri,227,5.3,1.61,4.47,2.43,4.91,2.04,171
infant,infant,811,6.95,2.08,5.05,2.66,5.67,2.48,11
infatuation,infatu,516,6.73,2.08,7.02,1.87,4.9,2.28,4
infection,infect,228,1.66,1.34,5.03,2.77,3.61,2.64,8
inferior,inferior,812,3.07,1.57,3.83,2.05,2.78,2.08,7
inhabitant,inhabit,813,5.05,1.34,3.95,1.97,5.37,1.43,0
injury,injuri,595,2.49,1.76,5.69,2.06,3.57,1.62,27
ink,ink,229,5.05,0.81,3.84,1.88,4.61,2.13,7
innocent,innoc,814,6.51,1.34,4.21,1.99,5.28,2.08,37
insane,insan,815,2.85,1.94,5.83,2.45,4.12,2.23,13
insect,insect,816,4.07,2.16,4.07,2.46,4.56,2.47,14
insecure,insecur,230,2.36,1.33,5.56,2.34,2.33,1.95,3
insolent,insol,231,4.35,1.76,5.38,2.37,4.5,2.06,2
inspire,inspir,232,6.97,1.91,5,2.53,6.34,2.11,3
inspired,inspir,233,7.15,1.85,6.02,2.67,6.67,2.31,25
insult,insult,817,2.29,1.33,6,2.46,3.62,2.05,7
intellect,intellect,818,6.82,1.96,4.75,2.5,6.3,1.98,5
intercourse,intercours,819,7.36,1.57,7,2.07,6.4,1.78,9
interest,interest,234,6.97,1.53,5.66,2.26,5.88,1.78,330
intimate,intim,821,7.61,1.51,6.98,2.21,5.86,2.29,21
intruder,intrud,822,2.77,2.32,6.86,2.41,4,2.68,1
invader,invad,823,3.05,2.01,5.5,2.4,4,2.6,1
invest,invest,824,5.93,2.1,5.12,2.42,5.88,1.95,3
iron,iron,565,4.9,1.02,3.76,2.06,5.1,1.27,43
irritate,irrit,235,3.11,1.67,5.76,2.15,5.03,2.05,0
item,item,825,5.26,0.86,3.24,2.08,5.26,1.67,54
jail,jail,236,1.95,1.27,5.49,2.67,3.81,2.71,21
jealousy,jealousi,237,2.51,1.83,6.36,2.66,3.8,2.41,4
jelly,jelli,238,5.66,1.44,3.7,2.29,4.53,1.77,3
jewel,jewel,239,7,1.72,5.38,2.54,5.59,2.19,1
joke,joke,826,8.1,1.36,6.74,1.84,6.15,1.86,22
jolly,jolli,827,7.41,1.92,5.57,2.8,6.39,1.72,4
journal,journal,828,5.14,1.49,4.05,1.96,5.26,1.42,42
joy,joy,240,8.6,0.71,7.22,2.13,6.28,2.15,40
joyful,joy,241,8.22,1.22,5.98,2.54,6.6,1.8,1
jug,jug,829,5.24,1.65,3.88,2.15,5.05,1.62,6
justice,justic,242,7.78,1.35,5.47,2.54,6.47,2.26,114
kerchief,kerchief,830,5.11,1.33,3.43,2.08,5.25,1.28,1
kerosene,kerosen,243,4.8,1.59,4.34,2.51,4.63,1.99,6
ketchup,ketchup,831,5.6,1.35,4.09,2.08,5.29,1.81,1
kettle,kettl,832,5.22,0.91,3.22,2.23,5,1.4,3
key,key,833,5.68,1.62,3.7,2.18,4.98,2.04,88
kick,kick,834,4.31,2.18,4.9,2.35,5.5,1.93,16
kids,kid,835,6.91,1.99,5.27,2.36,5.07,2.03,32
killer,killer,244,1.89,1.39,7.86,1.89,4.54,3.11,21
kind,kind,245,7.59,1.67,4.46,2.55,5.95,1.93,313
kindness,kind,246,7.82,1.39,4.3,2.62,5.67,2.63,5
king,king,247,7.26,1.67,5.51,2.77,7.38,2.1,88
kiss,kiss,248,8.26,1.54,7.32,2.03,6.93,2.28,17
kitten,kitten,517,6.86,2.13,5.08,2.45,6.86,2.01,5
knife,knife,596,3.62,2.18,5.8,2,4.12,2.18,76
knot,knot,836,4.64,1.36,4.07,2.15,4.67,1.65,8
knowledge,knowledg,249,7.58,1.32,5.92,2.32,6.78,2.41,145
lake,lake,250,6.82,1.54,3.95,2.44,4.9,2.1,54
lamb,lamb,837,5.89,1.73,3.36,2.18,4.91,1.96,7
lamp,lamp,838,5.41,1,3.8,2.12,5.27,1.61,18
lantern,lantern,839,5.57,1.19,4.05,2.28,5.07,1.82,13
laughter,laughter,251,8.45,1.08,6.75,2.5,6.45,2.45,22
lavish,lavish,840,6.21,2.03,4.93,2.4,5.64,1.61,3
lawn,lawn,841,5.24,0.86,4,1.79,5.37,1.11,15
lawsuit,lawsuit,842,3.37,2,4.93,2.44,3.92,2.02,1
lazy,lazi,843,4.38,2.02,2.65,2.06,4.07,1.93,9
leader,leader,844,7.63,1.59,6.27,2.18,7.88,1.6,74
learn,learn,252,7.15,1.49,5.39,2.22,6.34,2.17,84
legend,legend,845,6.39,1.34,4.88,1.76,5.54,1.64,26
leisurely,leisur,253,6.88,1.81,3.8,2.38,5.15,1.9,5
leprosy,leprosi,254,2.09,1.4,6.29,2.23,4,2.3,1
lesbian,lesbian,597,4.67,2.45,5.12,2.27,5.35,2.2,0
letter,letter,846,6.61,1.59,4.9,2.37,5.73,1.48,145
liberty,liberti,255,7.98,1.22,5.6,2.65,6.29,2.44,46
lice,lice,256,2.31,1.78,5,2.26,3.95,2.29,2
lie,lie,257,2.79,1.92,5.96,2.63,3.3,2.42,59
life,life,258,7.27,1.88,6.02,2.62,5.72,2.51,715
lightbulb,lightbulb,566,5.61,1.28,4.1,2.02,5.82,1.56,0
lighthouse,lighthous,847,5.89,2.08,4.41,2.44,5.25,2.02,0
lightning,lightn,598,4.57,2.66,6.61,1.77,3.67,2.19,14
limber,limber,848,5.68,1.49,4.57,2.26,5.34,1.84,2
lion,lion,518,5.57,1.99,6.2,2.16,4.12,2.33,17
listless,listless,259,4.12,1.73,4.1,2.31,4.14,1.73,1
lively,live,849,7.2,1.97,5.53,2.9,6.09,1.95,26
locker,locker,850,5.19,1.31,3.38,2.13,5.36,1.87,9
loneliness,loneli,260,1.61,1.02,4.56,2.97,2.51,2.27,9
lonely,lone,261,2.17,1.76,4.51,2.68,2.95,2.12,25
loser,loser,851,2.25,1.48,4.95,2.57,3.02,2.17,1
lost,lost,852,2.82,1.83,5.82,2.62,2.86,1.64,173
lottery,lotteri,853,6.57,2.04,5.36,2.45,4.81,2.11,1
louse,lous,262,2.81,1.92,4.98,2.03,3.57,2.26,3
love,love,263,8.72,0.7,6.44,3.35,7.11,2.56,232
loved,love,264,8.64,0.71,6.38,2.68,6.62,2.53,56
loyal,loyal,265,7.55,1.9,5.16,2.42,6.91,2.23,18
lucky,lucki,266,8.17,1.06,6.53,2.34,6.05,2.25,21
lump,lump,854,4.16,2.34,4.8,2.82,4.32,2.18,7
luscious,luscious,267,7.5,1.08,5.34,2.51,5.68,1.84,2
lust,lust,519,7.12,1.62,6.88,1.85,5.49,2.27,5
luxury,luxuri,268,7.88,1.49,4.75,2.91,6.4,2.45,21
machine,machin,855,5.09,1.67,3.82,2.4,5.23,2.06,103
mad,mad,856,2.44,1.72,6.76,2.26,5.86,2.2,39
madman,madman,857,3.91,2.49,5.56,2.78,4.79,2.55,2
maggot,maggot,269,2.06,1.47,5.28,2.96,4.03,2.09,2
magical,magic,858,7.46,1.64,5.95,2.36,5.73,2.19,12
mail,mail,859,6.88,1.74,5.63,2.36,5.67,1.79,47
malaria,malaria,860,2.4,1.38,4.4,2.54,3.22,1.9,3
malice,malic,270,2.69,1.84,5.86,2.75,4.74,2.72,2
man,man,537,6.73,1.7,5.24,2.31,5.53,2.23,1207
mangle,mangl,861,3.9,2.01,5.44,2.1,4.61,1.84,0
maniac,maniac,862,3.76,2,5.39,2.46,4.22,2.07,4
manner,manner,863,5.64,1.34,4.56,1.78,5.05,1.83,124
mantel,mantel,864,4.93,1.4,3.27,2.23,4.95,1.61,3
manure,manur,865,3.1,1.74,4.17,2.09,4.67,1.36,6
market,market,866,5.66,1.02,4.12,1.83,5.27,1.4,155
massacre,massacr,867,2.28,1.74,5.33,2.63,3.5,2.26,1
masterful,master,271,7.09,1.78,5.2,2.85,7.18,2.56,2
masturbate,masturb,599,5.45,2.02,5.67,2.18,5.63,2.25,0
material,materi,868,5.26,1.29,4.05,2.34,5.12,1.45,174
measles,measl,272,2.74,1.97,5.06,2.44,4.13,2.16,2
medicine,medicin,869,5.67,2.06,4.4,2.36,4.7,1.91,30
meek,meek,273,3.87,1.69,3.8,2.13,3.67,2.23,10
melody,melodi,870,7.07,1.79,4.98,2.52,5.46,1.78,21
memories,memori,871,7.48,1.61,6.1,2.1,5.88,1.92,15
memory,memori,274,6.62,1.5,5.42,2.25,5.11,2.12,76
menace,menac,275,2.88,1.64,5.52,2.45,4.98,2.25,9
merry,merri,872,7.9,1.49,5.9,2.42,6.64,1.66,8
messy,messi,873,3.15,1.73,3.34,2.37,4.75,2.15,3
metal,metal,874,4.95,1.17,3.79,1.96,5.38,1.4,61
method,method,875,5.56,1.76,3.85,2.58,5.67,1.58,142
mighty,mighti,276,6.54,2.19,5.61,2.38,7.23,2.11,29
mildew,mildew,277,3.17,1.36,4.08,1.79,4.4,1.79,1
milk,milk,876,5.95,2.16,3.68,2.57,5.83,1.5,49
millionaire,millionair,278,8.03,1.42,6.14,2.7,6.97,2.4,2
mind,mind,877,6.68,1.84,5,2.68,6.37,2.19,325
miracle,miracl,279,8.6,0.71,7.65,1.67,5.35,2.58,16
mischief,mischief,878,5.57,2.05,5.76,1.95,5.56,1.88,5
misery,miseri,879,1.93,1.6,5.17,2.69,2.55,1.45,15
mistake,mistak,880,2.86,1.79,5.18,2.42,3.86,2.42,34
mobility,mobil,881,6.83,1.79,5,2.18,6.43,1.48,8
modest,modest,280,5.76,1.28,3.98,2.24,4.96,2.16,29
mold,mold,882,3.55,1.7,4.07,1.98,4.33,1.83,45
moment,moment,281,5.76,1.65,3.83,2.29,4.81,1.92,246
money,money,282,7.59,1.4,5.7,2.66,6.25,2.33,265
month,month,283,5.15,1.09,4.03,1.77,4.85,1.14,130
moody,moodi,883,3.2,1.58,4.18,2.38,4.39,1.71,5
moral,moral,884,6.2,1.85,4.49,2.28,5.9,2.2,142
morbid,morbid,284,2.87,2.14,5.06,2.68,4.34,2.5,1
morgue,morgu,285,1.92,1.32,4.84,2.96,3.61,1.94,1
mosquito,mosquito,885,2.8,1.91,4.78,2.72,4.51,2.15,1
mother,mother,286,8.39,1.15,6.13,2.71,5.74,2.37,216
mountain,mountain,287,6.59,1.66,5.49,2.43,5.46,2.36,33
movie,movi,288,6.86,1.81,4.93,2.54,5,1.79,29
mucus,mucus,886,3.34,2.29,3.41,2.17,4.8,1.83,2
muddy,muddi,887,4.44,2.07,4.13,2.13,4.73,1.77,10
muffin,muffin,888,6.57,2.04,4.76,2.42,5.51,1.63,0
murderer,murder,289,1.53,0.96,7.47,2.18,3.77,3.06,19
muscular,muscular,290,6.82,1.63,5.47,2.2,6.58,2.28,16
museum,museum,889,5.54,1.86,3.6,2.13,5.32,1.68,32
mushroom,mushroom,567,5.78,2.22,4.72,2.33,5.52,2.1,2
music,music,291,8.13,1.09,5.32,3.19,6.39,2.44,216
mutation,mutat,890,3.91,2.44,4.84,2.52,4.07,2.1,0
mutilate,mutil,292,1.82,1.45,6.41,2.94,3.41,2.71,3
mystic,mystic,891,6,2.21,4.84,2.57,5.52,1.93,3
naked,nake,892,6.34,2.42,5.8,2.8,6,2.05,32
name,name,893,5.55,2.24,4.25,2.47,5.16,2.08,294
narcotic,narcot,894,4.29,2.3,4.93,2.57,4.44,2.43,2
nasty,nasti,895,3.58,2.38,4.89,2.5,5,2.17,5
natural,natur,896,6.59,1.57,4.09,2.37,5.57,1.69,156
nature,natur,293,7.65,1.37,4.37,2.51,4.95,2.72,191
nectar,nectar,294,6.9,1.53,3.89,2.48,4.54,2.06,3
needle,needl,897,3.82,1.73,5.36,2.89,3.95,2.17,15
neglect,neglect,898,2.63,1.64,4.83,2.31,3.85,2.29,12
nervous,nervous,899,3.29,1.47,6.59,2.07,3.56,1.73,24
neurotic,neurot,900,4.45,2.23,5.13,2.76,4.41,2.05,10
news,news,901,5.3,1.67,5.17,2.11,4.6,1.88,102
nice,nice,902,6.55,2.44,4.38,2.69,5.58,2.2,75
nightmare,nightmar,295,1.91,1.54,7.59,2.23,3.68,2.76,9
nipple,nippl,903,6.27,1.81,5.56,2.55,5.57,2,0
noisy,noisi,904,5.02,2.02,6.38,1.78,4.93,1.76,6
nonchalant,nonchal,296,4.74,1.11,3.12,1.93,4.31,1.54,1
nonsense,nonsens,905,4.61,1.63,4.17,2.02,4.9,1.55,13
noose,noos,906,3.76,1.64,4.39,2.08,4.17,1.92,3
nourish,nourish,907,6.46,1.69,4.29,2.51,5.8,1.62,0
nude,nude,520,6.82,1.63,6.41,2.09,5.96,2.29,20
nuisance,nuisanc,908,3.27,1.86,4.49,2.69,4.36,1.73,5
nun,nun,909,4.93,1.89,2.93,1.8,4.93,1.69,2
nurse,nurs,538,6.08,2.08,4.84,2.04,4.84,2.2,17
nursery,nurseri,910,5.73,2.3,4.04,2.74,5.18,2.23,13
obesity,obes,911,2.73,1.85,3.87,2.82,3.74,2.45,5
obey,obey,912,4.52,1.88,4.23,1.72,4.26,2.4,8
obnoxious,obnoxi,913,3.5,2.18,4.74,2.42,5.39,2.2,5
obscene,obscen,914,4.23,2.3,5.04,2.3,4.48,1.91,2
obsession,obsess,915,4.52,2.13,6.41,2.13,4.77,2.38,5
ocean,ocean,297,7.12,1.72,4.95,2.79,5.53,2.75,34
odd,odd,916,4.82,2.04,4.27,2.46,4.77,1.89,44
offend,offend,917,2.76,1.5,5.56,2.06,3.73,2.03,4
office,offic,568,5.24,1.59,4.08,1.92,5.59,1.89,255
opinion,opinion,298,6.28,1.45,4.89,2.46,5.53,1.93,96
optimism,optim,918,6.95,2.24,5.34,2.58,6.61,2.06,15
option,option,919,6.49,1.31,4.74,2.23,6.34,1.8,5
orchestra,orchestra,299,6.02,1.89,3.52,2.29,5.17,2.14,60
orgasm,orgasm,920,8.32,1.31,8.1,1.45,6.83,2.18,7
outdoors,outdoor,521,7.47,1.8,5.92,2.55,6.27,2.24,6
outrage,outrag,921,3.52,2.12,6.83,2.26,5.26,2.72,4
outstanding,outstand,922,7.75,1.75,6.24,2.59,6.4,2.29,37
overcast,overcast,923,3.65,1.61,3.46,1.92,4.2,1.79,9
overwhelmed,overwhelm,300,4.19,2.61,7,2.37,3.89,2.58,4
owl,owl,522,5.8,1.31,3.98,1.87,5.82,1.62,2
pain,pain,301,2.13,1.81,6.5,2.49,3.71,2.53,88
paint,paint,924,5.62,1.72,4.1,2.36,5.75,1.71,37
palace,palac,302,7.19,1.78,5.1,2.75,5.69,2.17,38
pamphlet,pamphlet,925,4.79,1.05,3.62,2.02,4.63,1.48,3
pancakes,pancak,523,6.08,1.83,4.06,2.13,5.76,1.61,0
panic,panic,601,3.12,1.84,7.02,2.02,3.2,1.67,22
paper,paper,303,5.2,1.21,2.5,1.85,4.47,1.67,157
paradise,paradis,304,8.72,0.6,5.12,3.38,6.03,2.79,12
paralysis,paralysi,926,1.98,1.44,4.73,2.83,2.56,1.82,6
part,part,927,5.11,1.78,3.82,2.24,4.75,1.59,500
party,parti,305,7.86,1.83,6.69,2.84,5.83,2.46,216
passage,passag,928,5.28,1.44,4.36,2.13,5.02,1.62,49
passion,passion,306,8.03,1.27,7.26,2.57,6.13,2.24,28
pasta,pasta,524,6.69,1.64,4.94,2.04,5.8,1.47,0
patent,patent,307,5.29,1.08,3.5,1.84,4.9,1.79,35
patient,patient,929,5.29,1.89,4.21,2.37,4.9,2.31,86
patriot,patriot,930,6.71,1.69,5.17,2.53,5.9,1.54,10
peace,peac,308,7.72,1.75,2.95,2.55,5.45,2.84,198
penalty,penalti,931,2.83,1.56,5.1,2.31,3.95,1.97,14
pencil,pencil,309,5.22,0.68,3.14,1.9,4.78,1.73,34
penis,peni,932,5.9,1.72,5.54,2.63,5.92,2.54,0
penthouse,penthous,933,6.81,1.64,5.52,2.49,6.52,1.82,1
people,peopl,525,7.33,1.7,5.94,2.09,6.14,2.02,847
perfection,perfect,310,7.25,2.05,5.95,2.73,6.71,2.26,11
perfume,perfum,934,6.76,1.48,5.05,2.36,5.93,1.69,10
person,person,311,6.32,1.74,4.19,2.45,5.35,2.02,175
pervert,pervert,312,2.79,2.12,6.26,2.61,4.72,2.83,1
pest,pest,313,3.13,1.82,5.62,2.15,5.29,2.13,4
pet,pet,935,6.79,2.32,5.1,2.59,5.85,2.28,8
phase,phase,936,5.17,0.79,3.98,1.82,4.65,1.72,72
pie,pie,314,6.41,1.89,4.2,2.4,5.35,1.78,14
pig,pig,937,5.07,1.97,4.2,2.42,5.34,1.88,8
pillow,pillow,315,7.92,1.4,2.97,2.52,4.56,2.17,8
pinch,pinch,938,3.83,1.7,4.59,2.1,4.76,1.73,6
pistol,pistol,939,4.2,2.58,6.15,2.19,5.05,2.77,27
pity,piti,940,3.37,1.57,3.72,2.02,4.12,1.82,14
pizza,pizza,526,6.65,2.23,5.24,2.09,5.69,1.9,3
plain,plain,941,4.39,1.46,3.52,2.05,4.71,1.68,48
plane,plane,539,6.43,1.98,6.14,2.39,4.78,2.19,114
plant,plant,316,5.98,1.83,3.62,2.25,4.71,2.12,125
pleasure,pleasur,317,8.28,0.92,5.74,2.81,6.15,2.31,62
poetry,poetri,318,5.86,1.91,4,2.85,5.31,1.81,88
poison,poison,319,1.98,1.44,6.05,2.82,3.1,2.44,10
politeness,polit,320,7.18,1.5,3.74,2.37,5.74,1.7,5
pollute,pollut,321,1.85,1.11,6.08,2.42,4.92,2.51,1
poster,poster,942,5.34,1.75,3.93,2.56,4.91,1.87,4
poverty,poverti,322,1.67,0.9,4.87,2.66,3.21,2.21,20
power,power,323,6.54,2.21,6.67,1.87,7.28,2.35,342
powerful,power,324,6.84,1.8,5.83,2.69,7.19,2.52,63
prairie,prairi,325,5.75,1.43,3.41,2.17,4.62,2.13,21
present,present,943,6.95,1.85,5.12,2.39,5.83,1.78,377
pressure,pressur,944,3.38,1.61,6.07,2.26,3.45,2.07,185
prestige,prestig,945,7.26,1.9,5.86,2.08,6.9,1.96,29
pretty,pretti,326,7.75,1.26,6.03,2.22,5.5,1.97,107
prick,prick,946,3.98,1.73,4.7,2.59,4.47,1.88,2
pride,pride,327,7,2.11,5.83,2.48,7.06,2.15,42
priest,priest,328,6.42,2,4.41,2.71,4.88,2.07,16
prison,prison,329,2.05,1.34,5.7,2.56,4.2,2.58,42
privacy,privaci,330,5.88,1.5,4.12,1.83,5.66,1.78,12
profit,profit,331,7.63,1.3,6.68,1.78,5.85,2.47,28
progress,progress,947,7.73,1.34,6.02,2.58,6.76,2.05,120
promotion,promot,332,8.2,1.15,6.44,2.58,6.79,2.28,26
protected,protect,333,7.29,1.79,4.09,2.77,5.8,2.54,31
proud,proud,334,8.03,1.56,5.56,3.01,6.74,2.73,50
pungent,pungent,948,3.95,2.09,4.24,2.17,4.78,1.52,4
punishment,punish,335,2.22,1.41,5.93,2.4,3.5,2.43,21
puppy,puppi,336,7.56,1.9,5.85,2.78,5.51,2.39,2
pus,pus,602,2.86,1.91,4.82,2.06,4.35,1.82,0
putrid,putrid,337,2.38,1.71,5.74,2.26,4.89,2.09,0
python,python,949,4.05,2.48,6.18,2.25,4.52,2.56,14
quality,qualiti,950,6.25,1.59,4.48,2.12,5.64,1.59,114
quarrel,quarrel,338,2.93,2.06,6.29,2.56,4.02,2.16,20
quart,quart,951,5.39,2.01,3.59,2.51,5.2,1.86,3
queen,queen,952,6.44,1.43,4.76,2.18,5.49,2.12,41
quick,quick,953,6.64,1.61,6.57,1.78,6.57,1.91,68
quiet,quiet,339,5.58,1.83,2.82,2.13,4.42,2.3,76
rabbit,rabbit,527,6.57,1.92,4.02,2.19,6.08,1.72,11
rabies,rabi,340,1.77,0.97,6.1,2.62,3.85,2.34,1
radiant,radiant,954,6.73,2.17,5.39,2.82,5.61,2.17,8
radiator,radiat,955,4.67,1.05,4.02,1.94,4.81,1.38,4
radio,radio,341,6.73,1.47,4.78,2.82,5.28,1.85,120
rage,rage,342,2.41,1.86,8.17,1.4,5.68,3.01,16
rain,rain,569,5.08,2.51,3.65,2.35,4.78,1.68,70
rainbow,rainbow,343,8.14,1.23,4.64,2.88,4.72,2.37,4
rancid,rancid,956,4.34,2.28,5.04,2.27,4.59,1.86,0
rape,rape,344,1.25,0.91,6.81,3.17,2.97,2.94,5
rat,rat,345,3.02,1.66,4.95,2.36,4.55,2.14,6
rattle,rattl,346,5.03,1.23,4.36,2.18,4.17,1.56,5
razor,razor,957,4.81,2.16,5.36,2.44,4.91,1.95,15
red,red,570,6.41,1.61,5.29,2.04,5.78,1.59,197
refreshment,refresh,347,7.44,1.29,4.45,2.7,5,1.92,2
regretful,regret,348,2.28,1.42,5.74,2.32,3.43,2.52,1
rejected,reject,349,1.5,1.09,6.37,2.56,2.72,2.58,33
relaxed,relax,350,7,1.77,2.39,2.13,5.55,1.9,14
repentant,repent,351,5.53,1.86,4.69,1.98,5.42,2.06,1
reptile,reptil,958,4.77,2,5.18,2.19,4.77,2.02,0
rescue,rescu,352,7.7,1.24,6.53,2.56,6.45,2.29,15
resent,resent,959,3.76,1.9,4.47,2.12,4.46,2.09,8
reserved,reserv,353,4.88,1.83,3.27,2.05,4.3,1.93,27
respect,respect,354,7.64,1.29,5.19,2.39,6.89,2.11,125
respectful,respect,355,7.22,1.27,4.6,2.67,5.67,2.38,4
restaurant,restaur,960,6.76,1.85,5.41,2.55,5.73,1.41,41
reunion,reunion,961,6.48,2.45,6.34,2.35,5.64,1.95,11
reverent,rever,356,5.35,1.21,4,1.6,4.67,1.68,3
revolt,revolt,357,4.13,1.78,6.56,2.34,6.18,2.11,8
revolver,revolv,962,4.02,2.44,5.55,2.39,4.39,2.47,14
reward,reward,358,7.53,1.67,4.95,2.62,6,2.14,15
riches,rich,359,7.7,1.95,6.17,2.7,6.74,2.43,2
ridicule,ridicul,360,3.13,2.24,5.83,2.73,3.87,2.7,5
rifle,rifl,603,4.02,2.76,6.35,2.04,4.16,2.71,63
rigid,rigid,963,3.66,2.12,4.66,2.47,4.61,2.04,24
riot,riot,361,2.96,1.93,6.39,2.63,4.18,2.47,7
river,river,362,6.85,1.69,4.51,2.42,5.1,1.86,165
roach,roach,363,2.35,1.7,6.64,2.64,4.82,2.94,2
robber,robber,964,2.61,1.69,5.62,2.72,3.62,2.38,2
rock,rock,965,5.56,1.38,4.52,2.37,5.15,2.01,75
rollercoaster,rollercoast,528,8.02,1.63,8.06,1.71,5.1,2.76,0
romantic,romant,364,8.32,1,7.59,2.07,6.08,2.29,32
rotten,rotten,365,2.26,1.37,4.53,2.38,4.32,2.09,2
rough,rough,966,4.74,2,5.33,2.04,4.81,1.7,41
rude,rude,366,2.5,2.11,6.31,2.47,4.91,2.49,6
runner,runner,571,5.67,1.91,4.76,2.4,5.47,1.84,1
rusty,rusti,367,3.86,1.47,3.77,2.16,4.53,1.62,8
sad,sad,368,1.61,0.95,4.13,2.38,3.45,2.18,35
safe,safe,967,7.07,1.9,3.86,2.72,5.81,2.06,58
sailboat,sailboat,529,7.25,1.71,4.88,2.73,5.86,1.71,1
saint,saint,968,6.49,1.7,4.49,1.9,5.37,2.11,16
salad,salad,369,5.74,1.62,3.81,2.29,5.47,1.68,9
salute,salut,370,5.92,1.57,5.31,2.23,5.46,2.05,3
sapphire,sapphir,371,7,1.88,5,2.72,5.55,2.24,0
satisfied,satisfi,372,7.94,1.19,4.94,2.63,6.14,2.37,36
save,save,969,6.45,1.93,4.95,2.19,6,1.79,62
savior,savior,373,7.73,1.56,5.8,3.01,6.64,2.18,6
scalding,scald,970,2.82,2.12,5.95,2.55,3.82,2.3,1
scandal,scandal,971,3.32,1.81,5.12,2.22,4.34,1.73,8
scapegoat,scapegoat,972,3.67,1.65,4.53,2.13,3.52,1.7,1
scar,scar,973,3.38,1.7,4.79,2.11,3.88,1.71,10
scared,scare,604,2.78,1.99,6.82,2.03,2.94,2.19,21
scholar,scholar,374,7.26,1.42,5.12,2.46,6.59,2.02,15
scissors,scissor,974,5.05,0.96,4.47,1.76,5.16,1.84,1
scorching,scorch,975,3.76,1.83,5,2.74,4.1,2.01,0
scorn,scorn,375,2.84,2.07,5.48,2.52,3.93,2.64,4
scornful,scorn,376,3.02,2.03,5.04,2.56,4.59,2.18,5
scorpion,scorpion,976,3.69,2.63,5.38,3.08,3.98,2.44,0
scream,scream,605,3.88,2.07,7.04,1.96,4.75,2.21,13
scum,scum,377,2.43,1.56,4.88,2.36,4.26,1.99,0
scurvy,scurvi,378,3.19,2,4.71,2.72,4.48,2.48,1
seasick,seasick,379,2.05,1.2,5.8,2.88,3.41,2.39,0
seat,seat,380,4.95,0.98,2.95,1.72,4.84,1.88,54
secure,secur,381,7.57,1.76,3.14,2.47,5.93,2.57,30
selfish,selfish,382,2.42,1.62,5.5,2.62,4.64,2.31,8
sentiment,sentiment,977,5.98,1.71,4.41,2.3,5.09,1.46,23
serious,serious,383,5.08,1.59,4,1.87,5.12,1.65,116
severe,sever,978,3.2,1.74,5.26,2.36,3.83,1.91,39
sex,sex,384,8.05,1.53,7.36,1.91,5.75,2.25,84
sexy,sexi,530,8.02,1.12,7.36,1.91,6.82,2.13,2
shadow,shadow,385,4.35,1.23,4.3,2.26,4.19,1.82,36
shamed,shame,386,2.5,1.34,4.88,2.27,2.98,1.94,1
shark,shark,606,3.65,2.47,7.16,1.96,2.63,2.16,0
sheltered,shelter,387,5.75,1.92,4.28,1.77,3.76,1.91,4
ship,ship,388,5.55,1.4,4.38,2.29,5.12,2.31,83
shotgun,shotgun,979,4.37,2.75,6.27,1.94,5.29,2.67,8
shriek,shriek,980,3.93,2.22,5.36,2.91,4.3,1.86,5
shy,shi,389,4.64,1.83,3.77,2.29,3.44,1.96,13
sick,sick,607,1.9,1.14,4.29,2.45,3.04,1.65,51
sickness,sick,390,2.25,1.71,5.61,2.67,3.84,2.5,6
silk,silk,391,6.9,1.27,3.71,2.51,4.81,1.93,12
silly,silli,981,7.41,1.8,5.88,2.38,6,2.09,15
sin,sin,392,2.8,1.67,5.78,2.21,3.62,2.29,53
sinful,sin,393,2.93,2.15,6.29,2.43,4.24,2.73,3
sissy,sissi,394,3.14,1.96,5.17,2.57,3.58,2.74,0
skeptical,skeptic,395,4.52,1.63,4.91,1.92,4.5,1.61,7
skijump,skijump,531,7.06,1.73,7.06,2.1,4.9,2.32,0
skull,skull,608,4.27,1.83,4.75,1.85,4.86,1.62,3
sky,sky,572,7.37,1.4,4.27,2.17,5.16,2,58
skyscraper,skyscrap,573,5.88,1.87,5.71,2.17,4.33,2.36,2
slap,slap,396,2.95,1.79,6.46,2.58,4.21,2.29,2
slaughter,slaughter,397,1.64,1.18,6.77,2.42,3.82,2.75,10
slave,slave,398,1.84,1.13,6.21,2.93,3.29,2.76,30
sleep,sleep,399,7.2,1.77,2.8,2.66,5.41,2.41,65
slime,slime,400,2.68,1.66,5.36,2.63,4.17,1.82,1
slow,slow,982,3.93,1.6,3.39,2.22,4.35,1.61,60
slum,slum,401,2.39,1.25,4.78,2.52,3.83,2.18,8
slush,slush,983,4.66,1.88,3.73,2.23,4.91,1.48,0
smallpox,smallpox,402,2.52,2.08,5.58,2.13,4.29,2.17,2
smooth,smooth,984,6.58,1.78,4.91,2.57,5.09,2.09,42
snake,snake,609,3.31,2.2,6.82,2.1,3.78,2.05,44
snob,snob,403,3.36,1.81,5.65,2.36,5.11,2.25,1
snow,snow,575,7.08,1.83,5.75,2.47,5.8,1.97,59
snuggle,snuggl,404,7.92,1.24,4.16,2.8,5.66,2.47,4
social,social,985,6.88,1.82,4.98,2.59,5.91,2.07,380
soft,soft,986,7.12,1.34,4.63,2.61,6,1.8,61
solemn,solemn,405,4.32,1.51,3.56,1.95,4.61,1.87,12
song,song,987,7.1,1.97,6.07,2.42,5.85,2.12,70
soothe,sooth,988,7.3,1.85,4.4,3.08,5.36,2.24,2
sour,sour,989,3.93,1.98,5.1,1.95,4.64,1.5,3
space,space,574,6.78,1.66,5.14,2.54,5.2,2.44,184
spanking,spank,990,3.55,2.54,5.41,2.73,3.91,2.51,0
sphere,sphere,991,5.33,0.87,3.88,1.99,5,0.92,22
spider,spider,610,3.33,1.72,5.71,2.21,4.75,2.11,2
spirit,spirit,406,7,1.32,5.56,2.62,5.82,2.42,182
spouse,spous,407,7.58,1.48,5.21,2.75,5.53,1.97,3
spray,spray,992,5.45,1.63,4.14,2.28,5.12,1.43,16
spring,spring,993,7.76,1.51,5.67,2.51,6.26,1.98,127
square,squar,408,4.74,1.02,3.18,1.76,4.51,1.45,143
stagnant,stagnant,994,4.15,1.57,3.93,1.94,4.71,1.36,5
star,star,409,7.27,1.66,5.83,2.44,4.68,2.15,25
startled,startl,410,4.5,1.67,6.93,2.24,4.48,1.57,21
starving,starv,611,2.39,1.82,5.61,2.53,3.63,2.1,6
statue,statu,995,5.17,0.7,3.46,1.72,4.95,1.4,17
stench,stench,996,2.19,1.37,4.36,2.46,4.29,1.91,1
stiff,stiff,997,4.68,1.97,4.02,2.41,4.93,2.04,21
stink,stink,411,3,1.79,4.26,2.1,4.16,1.98,3
stomach,stomach,998,4.82,2.06,3.93,2.49,4.68,1.85,37
stool,stool,999,4.56,1.72,4,2.14,4.98,1.85,8
storm,storm,1000,4.95,2.22,5.71,2.34,4.54,2.04,26
stove,stove,1001,4.98,1.69,4.51,2.14,5.36,1.87,15
street,street,412,5.22,0.72,3.39,1.87,4.81,1.21,244
stress,stress,413,2.09,1.41,7.45,2.38,3.93,2.75,107
strong,strong,414,7.11,1.48,5.92,2.28,6.92,2.43,202
stupid,stupid,415,2.31,1.37,4.72,2.71,2.98,2.18,24
subdued,subdu,416,4.67,1.31,2.9,1.81,4.08,1.56,8
success,success,417,8.29,0.93,6.11,2.65,6.89,2.4,93
suffocate,suffoc,418,1.56,0.96,6.03,3.19,3.44,2.81,1
sugar,sugar,1002,6.74,1.73,5.64,2.18,5.5,1.5,34
suicide,suicid,419,1.25,0.69,5.73,3.14,3.58,3.02,17
sun,sun,532,7.55,1.85,5.04,2.66,6.16,2.09,112
sunlight,sunlight,1003,7.76,1.43,6.1,2.3,5.63,2.15,17
sunrise,sunris,420,7.86,1.35,5.06,3.05,5.29,2.41,10
sunset,sunset,421,7.68,1.72,4.2,2.99,5.66,2.08,14
surgery,surgeri,612,2.86,2.19,6.35,2.32,2.75,1.86,6
surprised,surpris,422,7.47,1.56,7.47,2.09,6.11,2.19,58
suspicious,suspici,423,3.76,1.42,6.25,1.59,4.47,1.99,13
swamp,swamp,1004,5.14,2.24,4.86,2.36,5.29,1.63,5
sweetheart,sweetheart,424,8.42,0.83,5.5,2.73,6.03,2.24,9
swift,swift,1005,6.46,1.76,5.39,2.53,6.29,1.85,32
swimmer,swimmer,576,6.54,1.64,4.82,2.49,5.96,1.91,0
syphilis,syphili,425,1.68,1.23,5.69,3.25,3.33,2.67,0
table,tabl,426,5.22,0.72,2.92,2.16,4.47,1.66,198
talent,talent,427,7.56,1.25,6.27,1.8,6.49,1.75,40
tamper,tamper,1006,4.1,1.88,4.95,2.01,4.58,2.1,1
tank,tank,613,5.16,1.87,4.88,1.86,4.78,1.93,12
taste,tast,1007,6.66,1.57,5.22,2.38,5.5,1.65,59
taxi,taxi,1008,5,1.96,3.41,2.14,4.64,1.83,16
teacher,teacher,1009,5.68,2.12,4.05,2.61,5.11,2.2,80
tease,teas,1010,4.84,2.51,5.87,2.56,4.67,2.37,6
tender,tender,1011,6.93,1.28,4.88,2.3,5.33,1.75,11
tennis,tenni,540,6.02,1.97,4.61,2.6,5.61,2.12,15
tense,tens,428,3.56,1.36,6.53,2.1,5.22,2.02,15
termite,termit,429,3.58,2.08,5.39,2.43,3.87,1.87,0
terrible,terribl,430,1.93,1.44,6.27,2.44,3.58,2.34,45
terrific,terrif,431,8.16,1.12,6.23,2.73,6.6,2.15,5
terrified,terrifi,432,1.72,1.14,7.86,2.27,3.08,2.75,7
terrorist,terrorist,614,1.69,1.42,7.27,2.38,2.65,2.3,0
thankful,thank,433,6.89,2.29,4.34,2.31,5.32,2,6
theory,theori,434,5.3,1.49,4.62,1.94,4.88,1.81,129
thermometer,thermomet,1012,4.73,1.05,3.79,2.02,4.39,1.51,0
thief,thief,435,2.13,1.69,6.89,2.13,3.79,2.55,8
thorn,thorn,436,3.64,1.76,5.14,2.14,4.45,1.5,3
thought,thought,1013,6.39,1.58,4.83,2.46,6.02,1.7,515
thoughtful,thought,437,7.65,1.03,5.72,2.3,5.61,2.11,11
thrill,thrill,438,8.05,1.48,8.02,1.65,6.54,2.3,5
tidy,tidi,1014,6.3,1.56,3.98,2.22,5.49,1.93,1
time,time,439,5.31,2.02,4.64,2.75,4.63,2.24,1599
timid,timid,440,3.86,1.55,4.11,2.09,3.09,1.91,5
tobacco,tobacco,441,3.28,2.16,4.83,2.9,4.08,2.27,19
tomb,tomb,442,2.94,1.88,4.73,2.72,3.72,2.05,11
tool,tool,1015,5.19,1.27,4.33,1.78,5.67,1.62,40
toothache,toothach,443,1.98,1.15,5.55,2.51,3.9,1.85,0
tornado,tornado,444,2.55,1.78,6.83,2.49,4.3,2.42,1
torture,tortur,445,1.56,0.79,6.1,2.77,3.33,2.37,3
tower,tower,1016,5.46,1.75,3.95,2.28,5.78,2.14,13
toxic,toxic,446,2.1,1.48,6.4,2.41,4.42,2.51,3
toy,toy,1017,7,2.01,5.11,2.84,6.09,1.84,4
tragedy,tragedi,447,1.78,1.31,6.24,2.64,3.5,2.34,49
traitor,traitor,448,2.22,1.69,5.78,2.47,4.61,2.71,2
trash,trash,615,2.67,1.45,4.16,2.16,5.24,1.85,2
trauma,trauma,616,2.1,1.49,6.33,2.45,2.84,1.87,1
travel,travel,1018,7.1,2,6.21,2.51,6.31,2.08,61
treasure,treasur,449,8.27,0.9,6.75,2.3,6.36,2.42,4
treat,treat,1019,7.36,1.38,5.62,2.25,5.78,1.82,26
tree,tree,450,6.32,1.56,3.42,2.21,5.08,2.29,59
triumph,triumph,451,7.8,1.83,5.78,2.6,6.98,2.2,22
triumphant,triumphant,452,8.82,0.73,6.78,2.58,6.95,2.55,5
trophy,trophi,453,7.78,1.22,5.39,2.44,6.44,2.32,8
trouble,troubl,454,3.03,2.09,6.85,2.03,4.85,2.39,134
troubled,troubl,455,2.17,1.21,5.94,2.36,3.91,2.33,31
truck,truck,577,5.47,1.88,4.84,2.17,5.33,1.83,57
trumpet,trumpet,456,5.75,1.38,4.97,2.13,4.57,1.72,7
trunk,trunk,1020,5.09,1.57,4.18,2.19,5.14,1.9,8
trust,trust,457,6.68,2.71,5.3,2.66,6.61,2.04,52
truth,truth,458,7.8,1.29,5,2.77,6.47,2.11,126
tumor,tumor,459,2.36,2.04,6.51,2.85,3.58,2.42,17
tune,tune,1021,6.93,1.47,4.71,2.09,5.74,1.82,10
twilight,twilight,1022,7.23,1.8,4.7,2.41,5.59,1.82,4
ugly,ugli,460,2.43,1.27,5.38,2.23,4.26,2.33,21
ulcer,ulcer,461,1.78,1.17,6.12,2.68,4.17,2.22,5
umbrella,umbrella,578,5.16,1.57,3.68,1.99,5.42,1.91,8
unfaithful,unfaith,462,2.05,1.55,6.2,2.7,3.02,2.54,1
unhappy,unhappi,463,1.57,0.96,4.18,2.5,3.34,2.35,26
unit,unit,1023,5.59,1.87,3.75,2.49,5.11,1.74,103
untroubled,untroubl,464,7.62,1.41,3.89,2.54,5.53,2.54,0
upset,upset,465,2,1.18,5.86,2.4,4.08,2.31,14
urine,urin,617,3.25,1.71,4.2,2.18,5.24,1.86,1
useful,use,466,7.14,1.6,4.26,2.47,5.93,2.1,58
useless,useless,467,2.13,1.42,4.87,2.58,3.92,2.62,17
utensil,utensil,1024,5.14,1.39,3.57,1.98,5.4,1.47,0
vacation,vacat,468,8.16,1.36,5.64,2.99,6.8,2.08,47
vagina,vagina,1025,6.14,1.77,5.55,2.55,5.88,1.74,10
valentine,valentin,469,8.11,1.35,6.06,2.91,5.81,2.45,2
vampire,vampir,470,4.26,1.86,6.37,2.35,5.05,2.27,1
vandal,vandal,471,2.71,1.91,6.4,1.88,3.91,2.49,1
vanity,vaniti,472,4.3,1.91,4.98,2.31,4.8,2.03,7
vehicle,vehicl,473,6.27,2.34,4.63,2.81,5.77,2.61,35
venom,venom,474,2.68,1.81,6.08,2.44,3.94,2.23,2
vest,vest,1026,5.25,1.33,3.95,2.09,5.09,1.24,4
victim,victim,618,2.18,1.48,6.06,2.32,2.69,2.04,27
victory,victori,475,8.32,1.16,6.63,2.84,7.26,2.14,61
vigorous,vigor,476,6.79,1.54,5.9,2.66,5.41,2.22,29
village,villag,477,5.92,1.34,4.08,1.87,4.94,1.74,72
violent,violent,478,2.29,1.78,6.89,2.47,5.16,2.86,33
violin,violin,579,5.43,1.98,3.49,2.26,5.18,2.01,11
virgin,virgin,1027,6.45,1.76,5.51,2.06,6.24,2.48,35
virtue,virtu,479,6.22,2.06,4.52,2.52,6.13,2.09,30
vision,vision,480,6.62,1.84,4.66,2.43,6.02,1.96,56
volcano,volcano,619,4.84,2.14,6.33,2.21,3.25,1.97,2
vomit,vomit,481,2.06,1.57,5.75,2.84,3.58,2.45,3
voyage,voyag,1028,6.25,1.91,5.55,2.23,5.18,1.98,17
wagon,wagon,1029,5.37,0.97,3.98,2.04,5.05,1.2,55
war,war,482,2.08,1.91,7.49,2.16,4.5,3,464
warmth,warmth,483,7.41,1.81,3.73,2.4,5.61,1.67,28
wasp,wasp,484,3.37,1.63,5.5,2.17,3.76,1.82,2
waste,wast,485,2.93,1.76,4.14,2.3,4.72,1.94,35
watch,watch,580,5.78,1.51,4.1,2.12,5.37,1.75,81
water,water,486,6.61,1.78,4.97,2.49,5.08,1.99,442
waterfall,waterfal,487,7.88,1.03,5.37,2.84,5.2,2.18,2
wealthy,wealthi,488,7.7,1.34,5.8,2.73,6.77,2.57,12
weapon,weapon,489,3.97,1.92,6.03,1.89,5.19,2.61,42
weary,weari,490,3.79,2.12,3.81,2.29,4,1.91,17
wedding,wed,491,7.82,1.56,5.97,2.85,6.68,2.08,32
whistle,whistl,1030,5.81,1.21,4.69,1.99,5.27,1.87,4
white,white,542,6.47,1.59,4.37,2.14,5.98,1.73,365
whore,whore,492,2.3,2.11,5.85,2.93,4.61,2.73,2
wicked,wick,493,2.96,2.37,6.09,2.44,4.36,2.65,9
wife,wife,1031,6.33,1.97,4.93,2.22,5.57,1.68,228
win,win,494,8.38,0.92,7.72,2.16,7.39,2.36,55
windmill,windmil,1032,5.6,1.65,3.74,2.13,5.24,1.04,1
window,window,495,5.91,1.38,3.97,2.01,4.91,1.6,119
wine,wine,496,5.95,2.19,4.78,2.34,5.31,2.15,72
wink,wink,1033,6.93,1.83,5.44,2.68,5.7,1.77,7
wise,wise,497,7.52,1.23,3.91,2.64,6.7,2.39,36
wish,wish,1034,7.09,2,5.16,2.62,5.28,2.09,110
wit,wit,1035,7.32,1.9,5.42,2.44,6.38,2.01,20
woman,woman,498,6.64,1.76,5.32,2.59,6.33,1.52,224
wonder,wonder,499,6.03,1.58,5,2.23,5.32,2.17,67
world,world,500,6.5,2.03,5.32,2.39,5.26,2.47,787
wounds,wound,620,2.51,1.58,5.82,2.01,3.92,1.57,8
writer,writer,1036,5.52,1.9,4.33,2.45,4.73,1.84,73
yacht,yacht,1037,6.95,1.79,5.61,2.72,6.1,2.13,4
yellow,yellow,545,5.61,1.94,4.43,2.05,5.47,1.58,55
young,young,1038,6.89,2.12,5.64,2.51,5.3,2.49,385
youth,youth,1039,6.75,2.29,5.67,2.52,5.11,2.55,82
zest,zest,1040,6.79,2.04,5.59,2.66,6,1.99,5
